SN,Name,Email,Phone,Address,Nationality,Gender,Education,Preferred mode of contact,Date Of Birth
1,"Venus Cunningham",hopyqabu@mailinator.com,47,"Voluptatem Voluptat","Adipisci animi nemo",male,"Animi dolores vel e",none,2016-03-13
2,"Venus Cunningham",hopyqabu@mailinator.com,47,"Voluptatem Voluptat","Adipisci animi nemo",male,"Animi dolores vel e",none,2016-03-13
3,"Kim Dalton",medomywek@mailinator.com,91,"Et nulla dolores aut","Doloremque molestiae",male,"Unde magnam ut non v",email,1978-01-26
4,"Kim Dalton",medomywek@mailinator.com,91,"Et nulla dolores aut","Doloremque molestiae",male,"Unde magnam ut non v",email,1978-01-26
5,"Cameron Stevens",modipot@mailinator.com,22,"Quo sint excepteur","Qui suscipit est eni",female,"Quae qui et ad culpa",email,1970-07-29
6,"Hop Merritt",fefeluqeny@mailinator.com,81,"Sit tempore repreh","Ratione atque accusa",female,"Consectetur placeat",email,1983-01-07
7,"Katell Ryan",bikaxy@mailinator.com,45,"Commodo minim ullam","Itaque laborum In s",male,"A qui id dolor hic e",phone,1973-11-27
8,"Katell Ryan",bikaxy@mailinator.com,45,"Commodo minim ullam","Itaque laborum In s",male,"A qui id dolor hic e",phone,1973-11-27
9,"Katell Ryan",bikaxy@mailinator.com,45,"Commodo minim ullam","Itaque laborum In s",male,"A qui id dolor hic e",phone,1973-11-27
10,"Katell Ryan",bikaxy@mailinator.com,45,"Commodo minim ullam","Itaque laborum In s",male,"A qui id dolor hic e",phone,1973-11-27
11,"Lane Thornton",vofexyha@mailinator.com,99,"Iusto in voluptas ea","Tempor sit quia et o",male,"Enim quasi a sed deb",phone,1986-03-26
12,"Tasha Delaney",wopiqodyjy@mailinator.com,53,"Et tempor dolore mol","Dolore in cupidatat",male,"Aut tempor ea placea",phone,2007-09-22
13,"Quynn Cochran",ruvukiloji@mailinator.com,37,"Qui in proident a m","Ab minus laborum eum",female,"Odit libero quo eos",email,2014-03-04
14,"Bipin Joshi",suvuhy@mailinator.com,100,"Alias et vel aut fac","Enim qui unde quia o",female,"Eiusmod porro quia v",email,2003-06-25
